{"cameraMode":{"drawMode":0,"name":"Shaded","section":"Shading Mode"},"sceneLighting":true,"audioPlay":false,"sceneViewState":{"m_AlwaysRefresh":false,"showFog":true,"showSkybox":true,"showFlares":true,"showImageEffects":true,"showParticleSystems":true,"showVisualEffectGraphs":true,"m_FxEnabled":true},"in2DMode":false,"pivot":{"x":-3.5715560913085939,"y":4.048561096191406,"z":-13.919334411621094},"rotation":{"x":0.1183374673128128,"y":0.8380579352378845,"z":-0.20109358429908753,"w":0.49317118525505068},"size":42.186805725097659,"orthographic":false}