{"cameraMode":{"drawMode":0,"name":"Shaded","section":"Shading Mode"},"sceneLighting":true,"audioPlay":false,"sceneViewState":{"m_AlwaysRefresh":false,"showFog":true,"showSkybox":true,"showFlares":true,"showImageEffects":true,"showParticleSystems":true,"showVisualEffectGraphs":true,"m_FxEnabled":true},"in2DMode":false,"pivot":{"x":0.7183663845062256,"y":6.06412410736084,"z":0.18210241198539735},"rotation":{"x":0.10014455020427704,"y":0.7338999509811401,"z":-0.11091823875904083,"w":0.6626158952713013},"size":6.0034356117248539,"orthographic":false}