{"cameraMode":{"drawMode":0,"name":"Shaded","section":"Shading Mode"},"sceneLighting":true,"audioPlay":false,"sceneViewState":{"m_AlwaysRefresh":false,"showFog":true,"showSkybox":true,"showFlares":true,"showImageEffects":true,"showParticleSystems":true,"showVisualEffectGraphs":true,"m_FxEnabled":true},"in2DMode":false,"pivot":{"x":-24.854686737060548,"y":20.326885223388673,"z":0.46312904357910159},"rotation":{"x":-0.10362441092729569,"y":0.8880665898323059,"z":-0.3744223117828369,"w":-0.24577966332435609},"size":12.05874252319336,"orthographic":false}