{"cameraMode":{"drawMode":0,"name":"Shaded","section":"Shading Mode"},"sceneLighting":true,"audioPlay":false,"sceneViewState":{"m_AlwaysRefresh":false,"showFog":true,"showSkybox":true,"showFlares":true,"showImageEffects":true,"showParticleSystems":true,"showVisualEffectGraphs":true,"m_FxEnabled":true},"in2DMode":false,"pivot":{"x":70.28543853759766,"y":2.34643816947937,"z":-14.214117050170899},"rotation":{"x":0.033094704151153567,"y":-0.22853364050388337,"z":0.007766814436763525,"w":0.9729523658752441},"size":6.1352057456970219,"orthographic":false}