{"cameraMode":{"drawMode":0,"name":"Shaded","section":"Shading Mode"},"sceneLighting":true,"audioPlay":false,"sceneViewState":{"m_AlwaysRefresh":false,"showFog":true,"showSkybox":true,"showFlares":true,"showImageEffects":true,"showParticleSystems":true,"showVisualEffectGraphs":true,"m_FxEnabled":true},"in2DMode":false,"pivot":{"x":3.081223726272583,"y":17.850513458251954,"z":-0.9349634647369385},"rotation":{"x":0.10873056203126908,"y":0.18993735313415528,"z":-0.021170081570744516,"w":0.9755282402038574},"size":36.57896423339844,"orthographic":true}